Absolute Zero	absolutezero	#0048BA	Wikipedia
Acid Green	acidgreen	#B0BF1A	Wikipedia
Aero	aero	#7CB9E8	Wikipedia
African Violet	africanviolet	#B284BE	Wikipedia
Agate Grey	agategrey	#B4B8B0	RAL
Air Superiority Blue	airsuperiorityblue	#72A0C1	Wikipedia
Alabaster	alabaster	#F2F0E6	Wikipedia
Alice Blue	aliceblue	#F0F8FF	CSS
Alizarin	alizarin	#DB2D43	Wikipedia
Alloy Orange	alloyorange	#C46210	Wikipedia
Almond	almond	#EED9C4	Crayola
Amaranth	amaranth	#E52B50	Wikipedia
Amaranth Deep Purple	amaranthdeeppurple	#9F2B68	Wikipedia
Amaranth Pink	amaranthpink	#F19CBB	Wikipedia
Amaranth Purple	amaranthpurple	#AB274F	Wikipedia
Amazon	amazon	#3B7A57	Wikipedia
Amber	amber	#FFBF00	Wikipedia
Amethyst	amethyst	#9966CC	Wikipedia
Android Green	androidgreen	#3DDC84	Wikipedia
Anthracite Grey	anthracitegrey	#373F43	RAL
Antique Brass	antiquebrass	#C88A65	Crayola
Antique Bronze	antiquebronze	#665D1E	Wikipedia
Antique Fuchsia	antiquefuchsia	#915C83	Wikipedia
Antique Pink	antiquepink	#D47479	RAL
Antique Ruby	antiqueruby	#841B2D	Wikipedia
Antique White	antiquewhite	#FAEBD7	CSS
Apricot	apricot	#FBCEB1	Crayola
Aqua	aqua	#00FFFF	CSS
Aquamarine	aquamarine	#7FFFD4	CSS
Arctic Lime	arcticlime	#D0FF14	Wikipedia
Artichoke Green	artichokegreen	#4B6F44	Wikipedia
Arylide Yellow	arylideyellow	#E9D66B	Wikipedia
Ash Gray	ashgray	#B2BEB5	Wikipedia
Asparagus	asparagus	#7BA05B	Crayola
Atomic Tangerine	atomictangerine	#FF9966	Wikipedia
Aureolin	aureolin	#FDEE00	Wikipedia
Aztec Gold	aztecgold	#C39953	Wikipedia
Azure	azure	#F0FFFF	CSS
Azure Blue	azureblue	#2E5978	RAL
B'dazzled Blue	bdazzledblue	#2E5894	Wikipedia
Baby Blue	babyblue	#89CFF0	Wikipedia
Baby Blue Eyes	babyblueeyes	#A1CAF1	Wikipedia
Baby Pink	babypink	#F4C2C2	Wikipedia
Baby Powder	babypowder	#FEFEFA	Wikipedia
Baker-Miller Pink	bakermillerpink	#FF91AF	Wikipedia
Banana Mania	bananamania	#FAE7B5	Crayola
Barbie Pink	barbiepink	#DA1884	Wikipedia
Barn Red	barnred	#7C0A02	Wikipedia
Basalt Grey	basaltgrey	#596163	RAL
Battleship Grey	battleshipgrey	#848482	Wikipedia
Beau Blue	beaublue	#BCD4E6	Wikipedia
Beaver	beaver	#9F8170	Crayola
Beige	beige	#F5F5DC	CSS
Beige Brown	beigebrown	#79553C	RAL
Beige Grey	beigegrey	#756F61	RAL
Beige Red	beigered	#CB8D73	RAL
Berry Parfait	berryparfait	#A43482	Wikipedia
Big Dip O'ruby	bigdiporuby	#9C2542	Wikipedia
Big Foot Feet	bigfootfeet	#E88E5A	Wikipedia
Bisque	bisque	#FFE4C4	CSS
Bistre	bistre	#3D2B1F	Wikipedia
Bistre Brown	bistrebrown	#967117	Wikipedia
Bitter Lemon	bitterlemon	#CAE00D	Wikipedia
Bittersweet	bittersweet	#FE6F5E	Crayola
Bittersweet Shimmer	bittersweetshimmer	#BF4F51	Wikipedia
Black	black	#000000	CSS
Black Bean	blackbean	#3D0C02	Wikipedia
Black Blue	blackblue	#1D1F2A	RAL
Black Brown	blackbrown	#211F20	RAL
Black Coral	blackcoral	#54626F	Wikipedia
Black Green	blackgreen	#31403D	RAL
Black Grey	blackgrey	#2E3234	RAL
Black Olive	blackolive	#3B3C36	RAL
Black Red	blackred	#402225	RAL
Black Shadows	blackshadows	#BFAFB2	Wikipedia
Blanched Almond	blanchedalmond	#FFEBCD	CSS
Blast-off Bronze	blastoffbronze	#A57164	Wikipedia
Bleu De France	bleudefrance	#318CE7	Wikipedia
Blizzard Blue	blizzardblue	#ACE5EE	Wikipedia
Blood Red	bloodred	#660000	Wikipedia
Blue	blue	#0000FF	CSS
Blue Bell	bluebell	#A2A2D0	Crayola
Blue Green	bluegreen	#0E4243	RAL
Blue Grey	bluegrey	#5D6970	RAL
Blue Jeans	bluejeans	#5DADEC	Wikipedia
Blue Lilac	bluelilac	#83639D	RAL
Blue Ribbon	blueribbon	#0B10A2	Wikipedia
Blue Sapphire	bluesapphire	#126180	Wikipedia
Blue Violet	blueviolet	#8A2BE2	CSS
Blue Yonder	blueyonder	#5072A7	Wikipedia
Blue-gray	bluegray	#6699CC	Crayola
Blue-violet	blueviolet	#8A2BE2	CSS
Blueberry	blueberry	#4F86F7	Wikipedia
Bluetiful	bluetiful	#3C69E7	Crayola
Blush	blush	#DE5D83	Crayola
Bole	bole	#79443B	Wikipedia
Bone	bone	#E3DAC9	Wikipedia
Booger Buster	boogerbuster	#DDE26A	Wikipedia
Bottle Green	bottlegreen	#283424	RAL
Brick Red	brickred	#CB4154	Crayola
Bright Green	brightgreen	#66FF00	Wikipedia
Bright Lilac	brightlilac	#D891EF	Wikipedia
Bright Maroon	brightmaroon	#C32148	Wikipedia
Bright Navy Blue	brightnavyblue	#1974D2	Wikipedia
Bright Pink	brightpink	#FF007F	Wikipedia
Bright Red Orange	brightredorange	#F3752C	RAL
Bright Turquoise	brightturquoise	#08E8DE	Wikipedia
Bright Yellow	brightyellow	#FFAA1D	Wikipedia
Brilliant Blue	brilliantblue	#41678D	RAL
Brilliant Rose	brilliantrose	#E667CE	Crayola
Brink Pink	brinkpink	#FB607F	Wikipedia
British Racing Green	britishracinggreen	#004225	Wikipedia
Bronze	bronze	#CD7F32	Wikipedia
Broom Yellow	broomyellow	#E2A300	RAL
Brown	brown	#A52A2A	CSS
Brown Beige	brownbeige	#AF804F	RAL
Brown Green	browngreen	#35382E	RAL
Brown Grey	browngrey	#555548	RAL
Brown Red	brownred	#7E292C	RAL
Brown Sugar	brownsugar	#AF6E4D	Wikipedia
Bud Green	budgreen	#7BB661	Wikipedia
Buff	buff	#FFC680	Wikipedia
Burgundy	burgundy	#800020	Wikipedia
Burlywood	burlywood	#DEB887	CSS
Burnished Brown	burnishedbrown	#A17A74	Wikipedia
Burnt Orange	burntorange	#CC5500	Crayola
Burnt Sienna	burntsienna	#E97451	Crayola
Burnt Umber	burntumber	#8A3324	Crayola
Byzantine	byzantine	#BD33A4	Wikipedia
Byzantium	byzantium	#702963	Wikipedia
Cadet	cadet	#536872	Wikipedia
Cadet Blue	cadetblue	#5F9EA0	CSS
Cadet Grey	cadetgrey	#91A3B0	Wikipedia
Cadmium Green	cadmiumgreen	#006B3C	Wikipedia
Cadmium Orange	cadmiumorange	#ED872D	Wikipedia
Cadmium Red	cadmiumred	#E30022	Wikipedia
Cadmium Yellow	cadmiumyellow	#FFF600	Wikipedia
Café Au Lait	cafeaulait	#A67B5B	Wikipedia
Café Noir	cafenoir	#4B3621	Wikipedia
Cambridge Blue	cambridgeblue	#A3C1AD	Wikipedia
Camel	camel	#C19A6B	Wikipedia
Cameo Pink	cameopink	#EFBBCC	Wikipedia
Canary	canary	#FFFF99	Crayola
Canary Yellow	canaryyellow	#FFEF00	Wikipedia
Candy Apple Red	candyapplered	#FF0800	Wikipedia
Candy Pink	candypink	#E4717A	Wikipedia
Capri Blue	capriblue	#1A5784	RAL
Cardinal	cardinal	#C41E3A	Wikipedia
Caribbean Green	caribbeangreen	#00CC99	Crayola
Carmine	carmine	#960018	Crayola
Carmine Red	carminered	#A1232B	RAL
Carnation Pink	carnationpink	#FFA6C9	Crayola
Carnelian	carnelian	#B31B1B	Wikipedia
Carolina Blue	carolinablue	#56A0D3	Wikipedia
Carrot Orange	carrotorange	#ED9121	Wikipedia
Catawba	catawba	#703642	Wikipedia
Cedar Chest	cedarchest	#C95A49	Wikipedia
Celadon	celadon	#ACE1AF	Wikipedia
Celeste	celeste	#B2FFFF	Wikipedia
Celestial Blue	celestialblue	#7070CC	Crayola
Cement Grey	cementgrey	#818979	RAL
Cerise	cerise	#DE3163	Crayola
Cerulean	cerulean	#007BA7	Crayola
Cerulean Blue	ceruleanblue	#2A52BE	Crayola
Cerulean Frost	ceruleanfrost	#6D9BC3	Wikipedia
Champagne	champagne	#F7E7CE	Wikipedia
Champagne Pink	champagnepink	#F1DDCF	Wikipedia
Charcoal	charcoal	#36454F	Wikipedia
Charcoal Gray	charcoalgray	#736A62	Crayola
Charleston Green	charlestongreen	#232B2B	Wikipedia
Charm Pink	charmpink	#E68FAC	Wikipedia
Chartreuse	chartreuse	#7FFF00	CSS
Cherry Blossom Pink	cherryblossompink	#FFB7C5	Wikipedia
Chestnut	chestnut	#954535	Crayola
Chestnut Brown	chestnutbrown	#633A34	RAL
Chili Red	chilired	#E23D28	Wikipedia
China Pink	chinapink	#DE6FA1	Wikipedia
Chinese Red	chinesered	#AA381E	Wikipedia
Chinese Violet	chineseviolet	#856088	Wikipedia
Chinese Yellow	chineseyellow	#FFB200	Wikipedia
Chocolate	chocolate	#D2691E	CSS
Chocolate Brown	chocolatebrown	#44322D	RAL
Chrome Green	chromegreen	#354733	RAL
Cinereous	cinereous	#98817B	Wikipedia
Cinnabar	cinnabar	#E34234	Wikipedia
Cinnamon Satin	cinnamonsatin	#CD607E	Wikipedia
Citrine	citrine	#E4D00A	Wikipedia
Citron	citron	#9FA91F	Wikipedia
Claret	claret	#7F1734	Wikipedia
Claret Violet	claretviolet	#691639	RAL
Clay Brown	claybrown	#80542F	RAL
Clean Room White	cleanroomwhite	#FFFDE6	RAL
Cobalt Blue	cobaltblue	#232D53	RAL
Cocoa Brown	cocoabrown	#D2691E	Wikipedia
Coconut	coconut	#965A3E	Wikipedia
Coffee	coffee	#6F4E37	Wikipedia
Columbia Blue	columbiablue	#B9D9EB	Wikipedia
Colza Yellow	colzayellow	#F6B600	RAL
Concrete Grey	concretegrey	#818479	RAL
Congo Pink	congopink	#F88379	Wikipedia
Cool Grey	coolgrey	#8C92AC	Wikipedia
Cool Mint	coolmint	#DDEBEC	Crayola
Copper	copper	#B87333	Crayola
Copper Brown	copperbrown	#8F4E35	RAL
Copper Penny	copperpenny	#AD6F69	Wikipedia
Copper Red	copperred	#CB6D51	Wikipedia
Copper Rose	copperrose	#996666	Wikipedia
Coquelicot	coquelicot	#FF3800	Wikipedia
Coral	coral	#FF7F50	CSS
Coral Pink	coralpink	#F88379	Wikipedia
Coral Red	coralred	#AC4034	RAL
Cordovan	cordovan	#893F45	Wikipedia
Corn	corn	#FBEC5D	Wikipedia
Cornflower	cornflower	#93CCEA	Crayola
Cornflower Blue	cornflowerblue	#6495ED	CSS
Cornsilk	cornsilk	#FFF8DC	CSS
Cosmic Cobalt	cosmiccobalt	#2E2D88	Wikipedia
Cosmic Latte	cosmiclatte	#FFF8E7	Wikipedia
Cotton Candy	cottoncandy	#FFBCD9	Crayola
Coyote Brown	coyotebrown	#81613C	Wikipedia
Crayellow	crayellow	#F1D651	Crayola
Cream	cream	#FFFDD0	RAL
Crimson	crimson	#DC143C	CSS
Cultured	cultured	#F5F5F5	Wikipedia
Cultured Pearl	culturedpearl	#F5F5F5	Wikipedia
Curry	curry	#A77F0E	RAL
Cyan	cyan	#00FFFF	CSS
Cyber Grape	cybergrape	#58427C	Wikipedia
Cyber Yellow	cyberyellow	#FFD300	Wikipedia
Cyclamen	cyclamen	#F56FA1	Wikipedia
Daffodil Yellow	daffodilyellow	#E88C00	RAL
Dahlia Yellow	dahliayellow	#F99A1C	RAL
Dandelion	dandelion	#FED85D	Crayola
Dark Blue	darkblue	#00008B	CSS
Dark Blue-gray	darkbluegray	#666699	Wikipedia
Dark Brown	darkbrown	#654321	Wikipedia
Dark Byzantium	darkbyzantium	#5D3954	Wikipedia
Dark Cyan	darkcyan	#008B8B	CSS
Dark Electric Blue	darkelectricblue	#536878	Wikipedia
Dark Fuchsia	darkfuchsia	#A00955	Wikipedia
Dark Goldenrod	darkgoldenrod	#B8860B	CSS
Dark Gray	darkgray	#A9A9A9	CSS
Dark Green	darkgreen	#006400	CSS
Dark Grey	darkgrey	#A9A9A9	CSS
Dark Jungle Green	darkjunglegreen	#1A2421	Wikipedia
Dark Khaki	darkkhaki	#BDB76B	CSS
Dark Lava	darklava	#483C32	Wikipedia
Dark Liver	darkliver	#543D37	Wikipedia
Dark Magenta	darkmagenta	#8B008B	CSS
Dark Midnight Blue	darkmidnightblue	#003366	Wikipedia
Dark Moss Green	darkmossgreen	#4A5D23	Wikipedia
Dark Olive Green	darkolivegreen	#556B2F	CSS
Dark Orange	darkorange	#FF8C00	CSS
Dark Orchid	darkorchid	#9932CC	CSS
Dark Pastel Green	darkpastelgreen	#03C03C	Wikipedia
Dark Purple	darkpurple	#301934	Wikipedia
Dark Raspberry	darkraspberry	#872657	Wikipedia
Dark Red	darkred	#8B0000	CSS
Dark Salmon	darksalmon	#E9967A	CSS
Dark Sea Green	darkseagreen	#8FBC8F	CSS
Dark Sienna	darksienna	#3C1414	Wikipedia
Dark Sky Blue	darkskyblue	#8CBED6	Wikipedia
Dark Slate Blue	darkslateblue	#483D8B	CSS
Dark Slate Gray	darkslategray	#2F4F4F	CSS
Dark Slate Grey	darkslategrey	#2F4F4F	CSS
Dark Spring Green	darkspringgreen	#177245	Wikipedia
Dark Tan	darktan	#918151	Wikipedia
Dark Turquoise	darkturquoise	#00CED1	CSS
Dark Vanilla	darkvanilla	#D1BEA8	Wikipedia
Dark Venetian Red	darkvenetianred	#B33B24	Crayola
Dark Violet	darkviolet	#9400D3	CSS
Dartmouth Green	dartmouthgreen	#00703C	Wikipedia
Davy's Grey	davysgrey	#555555	Wikipedia
Deep Cerise	deepcerise	#DA3287	Wikipedia
Deep Champagne	deepchampagne	#FAD6A5	Wikipedia
Deep Chestnut	deepchestnut	#B94E48	Wikipedia
Deep Fuchsia	deepfuchsia	#C154C1	Wikipedia
Deep Jungle Green	deepjunglegreen	#004B49	Wikipedia
Deep Lemon	deeplemon	#F5C71A	Wikipedia
Deep Mauve	deepmauve	#D473D4	Wikipedia
Deep Orange	deeporange	#EC7C25	RAL
Deep Pink	deeppink	#FF1493	CSS
Deep Saffron	deepsaffron	#FF9933	Wikipedia
Deep Sky Blue	deepskyblue	#00BFFF	CSS
Deep Space Sparkle	deepspacesparkle	#4A646C	Wikipedia
Deep Taupe	deeptaupe	#7E5E60	Wikipedia
Denim	denim	#1560BD	Crayola
Denim Blue	denimblue	#2243B6	Wikipedia
Desert	desert	#C19A6B	Wikipedia
Desert Sand	desertsand	#EDC9AF	Crayola
Dim Gray	dimgray	#696969	CSS
Dim Grey	dimgrey	#696969	CSS
Dingy Dungeon	dingydungeon	#C53151	Wikipedia
Dirt	dirt	#9B7653	Wikipedia
Distant Blue	distantblue	#4D668E	RAL
Dodger Blue	dodgerblue	#1E90FF	CSS
Dogwood Rose	dogwoodrose	#D71868	Wikipedia
Drab Dark Brown	drabdarkbrown	#4A412A	Wikipedia
Duke Blue	dukeblue	#00009C	Wikipedia
Dusty Grey	dustygrey	#7C7F7E	RAL
Dutch White	dutchwhite	#EFDFBB	Wikipedia
Earth Yellow	earthyellow	#E1A95F	Wikipedia
Ebony	ebony	#555D50	Wikipedia
Ecru	ecru	#C2B280	Wikipedia
Eerie Black	eerieblack	#1B1B1B	Wikipedia
Eggplant	eggplant	#614051	Crayola
Eggshell	eggshell	#F0EAD6	Wikipedia
Egyptian Blue	egyptianblue	#1034A6	Wikipedia
Electric Blue	electricblue	#7DF9FF	Wikipedia
Electric Indigo	electricindigo	#6F00FF	Wikipedia
Electric Lime	electriclime	#CCFF00	Wikipedia
Electric Purple	electricpurple	#BF00FF	Wikipedia
Electric Violet	electricviolet	#8F00FF	Wikipedia
Emerald	emerald	#50C878	Wikipedia
Emerald Green	emeraldgreen	#28713E	RAL
Eminence	eminence	#6C3082	Wikipedia
English Lavender	englishlavender	#B48395	Wikipedia
English Red	englishred	#AB4B52	Wikipedia
English Vermilion	englishvermilion	#CC474B	Crayola
English Vermillion	englishvermillion	#CC474B	Wikipedia
English Violet	englishviolet	#563C5C	Wikipedia
Erin	erin	#00FF40	Wikipedia
Eton Blue	etonblue	#96C8A2	Wikipedia
Eucalyptus	eucalyptus	#44D7A8	Wikipedia
Fallow	fallow	#C19A6B	Wikipedia
Falu Red	falured	#801818	Wikipedia
Fandango	fandango	#B53389	Wikipedia
Fandango Pink	fandangopink	#DE5285	Wikipedia
Fashion Fuchsia	fashionfuchsia	#F400A1	Wikipedia
Fawn	fawn	#E5AA70	Wikipedia
Fawn Brown	fawnbrown	#6F4A2F	RAL
Feldgrau	feldgrau	#4D5D53	Wikipedia
Fern	fern	#63B76C	Crayola
Fern Green	ferngreen	#4F7942	RAL
Field Drab	fielddrab	#6C541E	Wikipedia
Fiery Rose	fieryrose	#FF5470	Wikipedia
Finn	finn	#683068	Wikipedia
Fir Green	firgreen	#26392F	RAL
Fire Engine Red	fireenginered	#CE2029	Wikipedia
Fire Opal	fireopal	#E95C4B	Wikipedia
Firebrick	firebrick	#B22222	CSS
Flame	flame	#E25822	Wikipedia
Flame Red	flamered	#AB2524	RAL
Flax	flax	#EEDC82	Wikipedia
Flirt	flirt	#A2006D	Wikipedia
Floral White	floralwhite	#FFFAF0	CSS
Fluorescent Blue	fluorescentblue	#15F4EE	Wikipedia
Forest Green	forestgreen	#228B22	CSS
French Beige	frenchbeige	#A67B5B	Wikipedia
French Bistre	frenchbistre	#856D4D	Wikipedia
French Blue	frenchblue	#0072BB	Wikipedia
French Fuchsia	frenchfuchsia	#FD3F92	Wikipedia
French Lilac	frenchlilac	#86608E	Wikipedia
French Lime	frenchlime	#9EFD38	Wikipedia
French Mauve	frenchmauve	#D473D4	Wikipedia
French Pink	frenchpink	#FD6C9E	Wikipedia
French Raspberry	frenchraspberry	#C72C48	Wikipedia
French Rose	frenchrose	#F64A8A	Wikipedia
French Sky Blue	frenchskyblue	#77B5FE	Wikipedia
French Violet	frenchviolet	#8806CE	Wikipedia
Frostbite	frostbite	#E936A7	Wikipedia
Fuchsia	fuchsia	#FF00FF	CSS
Fuchsia Purple	fuchsiapurple	#CC397B	Wikipedia
Fuchsia Rose	fuchsiarose	#C74375	Wikipedia
Fulvous	fulvous	#E48400	Wikipedia
Fuzzy Wuzzy	fuzzywuzzy	#87421F	Crayola
GO Green	gogreen	#00AB66	Wikipedia
Gainsboro	gainsboro	#DCDCDC	CSS
Gamboge	gamboge	#E49B0F	Wikipedia
Garnet	garnet	#733635	Wikipedia
Generic Viridian	genericviridian	#007F66	Wikipedia
Gentian Blue	gentianblue	#13447C	RAL
Ghost White	ghostwhite	#F8F8FF	CSS
Glaucous	glaucous	#6082B6	Wikipedia
Glossy Grape	glossygrape	#AB92B3	Wikipedia
Gold	gold	#FFD700	CSS
Gold Fusion	goldfusion	#85754E	Wikipedia
Golden Brown	goldenbrown	#996515	Wikipedia
Golden Poppy	goldenpoppy	#FCC200	Wikipedia
Golden Yellow	goldenyellow	#FFDF00	RAL
Goldenrod	goldenrod	#DAA520	CSS
Gotham Green	gothamgreen	#00573F	Wikipedia
Granite Gray	granitegray	#676767	Wikipedia
Granite Grey	granitegrey	#374447	RAL
Granny Smith Apple	grannysmithapple	#A8E4A0	Crayola
Graphite Black	graphiteblack	#292C2F	RAL
Graphite Grey	graphitegrey	#474A50	RAL
Grass Green	grassgreen	#3E753B	RAL
Gray	gray	#808080	CSS
Green	green	#008000	CSS
Green Beige	greenbeige	#CDBA88	RAL
Green Brown	greenbrown	#887142	RAL
Green Grey	greengrey	#5B6259	RAL
Green Lizard	greenlizard	#A7F432	Wikipedia
Green Sheen	greensheen	#6EAEA1	Wikipedia
Green Yellow	greenyellow	#ADFF2F	CSS
Green-blue	greenblue	#1164B4	RAL
Green-cyan	greencyan	#009966	Wikipedia
Greenyellow	greenyellow	#ADFF2F	CSS
Grey	grey	#808080	CSS
Grey Aluminium	greyaluminium	#8F8F8C	RAL
Grey Beige	greybeige	#A48F7A	RAL
Grey Blue	greyblue	#313C48	RAL
Grey Brown	greybrown	#3F3A3A	RAL
Grey Olive	greyolive	#40433B	RAL
Grey White	greywhite	#DDDED4	RAL
Grullo	grullo	#A99A86	Wikipedia
Gunmetal	gunmetal	#2a3439	Wikipedia
Han Blue	hanblue	#446CCF	Wikipedia
Han Purple	hanpurple	#5218FA	Wikipedia
Hansa Yellow	hansayellow	#E9D66B	Wikipedia
Harlequin	harlequin	#3FFF00	Wikipedia
Harvest Gold	harvestgold	#DA9100	Wikipedia
Heat Wave	heatwave	#FF7A00	Wikipedia
Heather Violet	heatherviolet	#D15B8F	RAL
Heliotrope	heliotrope	#DF73FF	Wikipedia
Heliotrope Gray	heliotropegray	#AA98A9	Wikipedia
Hollywood Cerise	hollywoodcerise	#F400A1	Wikipedia
Honey Yellow	honeyyellow	#CB8E00	RAL
Honeydew	honeydew	#F0FFF0	CSS
Honolulu Blue	honolulublue	#006DB0	Wikipedia
Hooker's Green	hookersgreen	#49796B	Wikipedia
Hot Fuchsia	hotfuchsia	#FF00C6	Wikipedia
Hot Magenta	hotmagenta	#FF1DCE	Wikipedia
Hot Pink	hotpink	#FF69B4	CSS
Hotpink	hotpink	#FF69B4	CSS
Hunter Green	huntergreen	#355E3B	Wikipedia
Iceberg	iceberg	#71A6D2	Wikipedia
Icterine	icterine	#FCF75E	Wikipedia
Illuminating Emerald	illuminatingemerald	#319177	Wikipedia
Imperial Red	imperialred	#ED2939	Wikipedia
Inchworm	inchworm	#B2EC5D	Wikipedia
Independence	independence	#4C516D	Wikipedia
India Green	indiagreen	#138808	Wikipedia
Indian Red	indianred	#CD5C5C	CSS
Indian Yellow	indianyellow	#E3A857	Wikipedia
Indigo	indigo	#4B0082	CSS
Indigo Dye	indigodye	#00416A	Wikipedia
International Klein Blue	internationalkleinblue	#130a8f	Wikipedia
International Orange	internationalorange	#BA160C	Wikipedia
Iris	iris	#5A4FCF	Wikipedia
Iron Grey	irongrey	#555D61	RAL
Irresistible	irresistible	#B3446C	Wikipedia
Isabelline	isabelline	#F4F0EC	Wikipedia
Italian Sky Blue	italianskyblue	#B2FFFF	Wikipedia
Ivory	ivory	#FFFFF0	CSS
Jade	jade	#00A86B	Wikipedia
Japanese Carmine	japanesecarmine	#9D2933	Wikipedia
Japanese Violet	japaneseviolet	#5B3256	Wikipedia
Jasmine	jasmine	#F8DE7E	Wikipedia
Jazzberry Jam	jazzberryjam	#A50B5E	Crayola
Jet	jet	#343434	Wikipedia
Jet Black	jetblack	#0A0A0D	RAL
Jonquil	jonquil	#F4CA16	Wikipedia
June Bud	junebud	#BDDA57	Wikipedia
Jungle Green	junglegreen	#29AB87	Crayola
KSU Purple	ksupurple	#512888	Wikipedia
Kelly Green	kellygreen	#4CBB17	Wikipedia
Keppel	keppel	#3AB09E	Wikipedia
Key Lime	keylime	#E8F48C	Wikipedia
Khaki	khaki	#F0E68C	CSS
Khaki Grey	khakigrey	#746643	RAL
Kobe	kobe	#882D17	Wikipedia
Kobi	kobi	#E79FC4	Wikipedia
Kobicha	kobicha	#6B4423	Wikipedia
Kombu Green	kombugreen	#354230	Wikipedia
La Salle Green	lasallegreen	#087830	Wikipedia
Languid Lavender	languidlavender	#D6CADD	Wikipedia
Lanzones	lanzones	#E0BC5B	Wikipedia
Lapis Lazuli	lapislazuli	#26619C	Wikipedia
Laser Lemon	laserlemon	#FFFF66	Wikipedia
Laurel Green	laurelgreen	#A9BA9D	Wikipedia
Lava	lava	#CF1020	Wikipedia
Lavender	lavender	#E6E6FA	CSS
Lavender Blue	lavenderblue	#CCCCFF	Wikipedia
Lavender Blush	lavenderblush	#FFF0F5	CSS
Lavender Gray	lavendergray	#C4C3D0	Wikipedia
Lavender Indigo	lavenderindigo	#9457EB	Wikipedia
Lavender Magenta	lavendermagenta	#EE82EE	Wikipedia
Lavender Mist	lavendermist	#E6E6FA	Wikipedia
Lavender Purple	lavenderpurple	#967BB6	Wikipedia
Lavender Rose	lavenderrose	#FBA0E3	Wikipedia
Lawn Green	lawngreen	#7CFC00	CSS
Leaf Green	leafgreen	#276235	RAL
Lemon	lemon	#FFF700	Wikipedia
Lemon Chiffon	lemonchiffon	#FFFACD	CSS
Lemon Curry	lemoncurry	#CCA01D	Wikipedia
Lemon Glacier	lemonglacier	#FDFF00	Wikipedia
Lemon Iced Tea	lemonicedtea	#BD3000	Wikipedia
Lemon Lime	lemonlime	#E3FF00	Wikipedia
Lemon Meringue	lemonmeringue	#F6EABE	Wikipedia
Lemon Yellow	lemonyellow	#FFF44F	RAL
Liberty	liberty	#545AA7	Wikipedia
Licorice	licorice	#1A1110	Wikipedia
Light Blue	lightblue	#ADD8E6	CSS
Light Brown	lightbrown	#B5651D	Wikipedia
Light Carmine Pink	lightcarminepink	#E66771	Wikipedia
Light Chocolate Cosmos	lightchocolatecosmos	#551F2F	Wikipedia
Light Chrome Green	lightchromegreen	#BEE64B	Crayola
Light Cobalt Blue	lightcobaltblue	#88ACE0	Wikipedia
Light Coral	lightcoral	#F08080	CSS
Light Cornflower Blue	lightcornflowerblue	#93CCEA	Wikipedia
Light Crimson	lightcrimson	#F56991	Wikipedia
Light Cyan	lightcyan	#E0FFFF	CSS
Light French Beige	lightfrenchbeige	#C8AD7F	Wikipedia
Light Fuchsia Pink	lightfuchsiapink	#F984EF	Wikipedia
Light Gold	lightgold	#B29700	Wikipedia
Light Goldenrod Yellow	lightgoldenrodyellow	#FAFAD2	CSS
Light Gray	lightgray	#D3D3D3	CSS
Light Grayish Magenta	lightgrayishmagenta	#CC99CC	Wikipedia
Light Green	lightgreen	#90EE90	CSS
Light Grey	lightgrey	#D3D3D3	CSS
Light Ivory	lightivory	#E6D2B5	RAL
Light Medium Orchid	lightmediumorchid	#D39BCB	Wikipedia
Light Moss Green	lightmossgreen	#ADDFAD	Wikipedia
Light Orange	lightorange	#FED8B1	Wikipedia
Light Orchid	lightorchid	#E6A8D7	Wikipedia
Light Pastel Purple	lightpastelpurple	#B19CD9	Wikipedia
Light Periwinkle	lightperiwinkle	#C5CBE1	Wikipedia
Light Pink	lightpink	#FFB6C1	CSS
Light Red	lightred	#FFCCCB	Wikipedia
Light Red Ochre	lightredochre	#E97451	Wikipedia
Light Salmon	lightsalmon	#FFA07A	CSS
Light Salmon Pink	lightsalmonpink	#FF9999	Wikipedia
Light Sea Green	lightseagreen	#20B2AA	CSS
Light Silver	lightsilver	#D8D8D8	Wikipedia
Light Sky Blue	lightskyblue	#87CEFA	CSS
Light Slate Gray	lightslategray	#778899	CSS
Light Slate Grey	lightslategrey	#778899	CSS
Light Steel Blue	lightsteelblue	#B0C4DE	CSS
Light Thulian Pink	lightthulianpink	#E68FAC	Wikipedia
Light Venetian Red	lightvenetianred	#E6735C	Crayola
Light Yellow	lightyellow	#FFFFE0	CSS
Lightcoral	lightcoral	#F08080	CSS
Lightcyan	lightcyan	#E0FFFF	CSS
Lightgrey	lightgrey	#D3D3D3	CSS
Lightpink	lightpink	#FFB6C1	CSS
Lightsalmon	lightsalmon	#FFA07A	CSS
Lightsea Green	lightseagreen	#20B2AA	CSS
Lightsky Blue	lightskyblue	#87CEFA	CSS
Lightslate Gray	lightslategray	#778899	CSS
Lightslategrey	lightslategrey	#778899	CSS
Lightsteel Blue	lightsteelblue	#B0C4DE	CSS
Lilac	lilac	#C8A2C8	Wikipedia
Lilac Luster	lilacluster	#AE98AA	Wikipedia
Lime	lime	#00FF00	CSS
Lime Green	limegreen	#32CD32	CSS
Limerick	limerick	#9DC209	Wikipedia
Lincoln Green	lincolngreen	#195905	Wikipedia
Linen	linen	#FAF0E6	CSS
Lion	lion	#DECC9C	Wikipedia
Liseran Purple	liseranpurple	#DE6FA1	Wikipedia
Little Boy Blue	littleboyblue	#6CA0DC	Wikipedia
Little Girl Pink	littlegirlpink	#F8B9D4	Wikipedia
Liver	liver	#674C47	Wikipedia
Liver Chestnut	liverchestnut	#987456	Wikipedia
Livid	livid	#6699CC	Wikipedia
Lotion	lotion	#FEFDFA	Wikipedia
Lotion Blue	lotionblue	#15F2FD	Wikipedia
Lotion Pink	lotionpink	#ECCFCF	Wikipedia
Lumber	lumber	#FFE4CD	Wikipedia
Luminous Bright Orange	luminousbrightorange	#FFA421	RAL
Luminous Bright Red	luminousbrightred	#FF0000	RAL
Luminous Green	luminousgreen	#00F700	RAL
Luminous Orange	luminousorange	#FF2300	RAL
Luminous Red	luminousred	#F70000	RAL
Luminous Yellow	luminousyellow	#FFFF00	RAL
Lust	lust	#E62020	Wikipedia
MSU Green	msugreen	#18453B	Wikipedia
Maastricht Blue	maastrichtblue	#001C3D	Wikipedia
Macaroni And Cheese	macaroniandcheese	#FFBD88	Crayola
Madder Lake	madderlake	#CC3336	Crayola
Magenta	magenta	#FF00FF	CSS
Magenta Haze	magentahaze	#9F4576	Wikipedia
Magic Mint	magicmint	#AAF0D1	Wikipedia
Magnolia	magnolia	#F2E8D7	Wikipedia
Mahogany	mahogany	#C04000	Crayola
Mahogany Brown	mahoganybrown	#4C2F26	RAL
Maize	maize	#FBEC5D	Crayola
Maize Yellow	maizeyellow	#E29000	RAL
Majorelle Blue	majorelleblue	#6050DC	Wikipedia
Malachite	malachite	#0BDA51	Wikipedia
Manatee	manatee	#979AAA	Crayola
Mandarin	mandarin	#F37A48	Wikipedia
Mango	mango	#FDBE02	Wikipedia
Mango Green	mangogreen	#96FF00	Wikipedia
Mango Tango	mangotango	#FF8243	Crayola
Mantis	mantis	#74C365	Wikipedia
Mardi Gras	mardigras	#880085	Wikipedia
Marigold	marigold	#EAA221	Wikipedia
Maroon	maroon	#800000	CSS
Mauve	mauve	#E0B0FF	Wikipedia
Mauve Taupe	mauvetaupe	#915F6D	Wikipedia
Mauvelous	mauvelous	#EF98AA	Crayola
Maximum Blue	maximumblue	#47ABCC	Crayola
Maximum Blue Green	maximumbluegreen	#30BFBF	Crayola
Maximum Blue Purple	maximumbluepurple	#ACACE6	Crayola
Maximum Green	maximumgreen	#5E8C31	Crayola
Maximum Green Yellow	maximumgreenyellow	#D9E650	Crayola
Maximum Orange	maximumorange	#FF5B00	Wikipedia
Maximum Pink	maximumpink	#F6A5F2	Wikipedia
Maximum Purple	maximumpurple	#733380	Crayola
Maximum Red	maximumred	#D92121	Crayola
Maximum Red Purple	maximumredpurple	#A63A79	Crayola
Maximum Violet	maximumviolet	#892F77	Wikipedia
Maximum Yellow	maximumyellow	#FAFA37	Crayola
Maximum Yellow Red	maximumyellowred	#F2BA49	Crayola
May Green	maygreen	#4C9141	RAL
Maya Blue	mayablue	#73C2FB	Wikipedia
Medium Aquamarine	mediumaquamarine	#66CDAA	CSS
Medium Blue	mediumblue	#0000CD	CSS
Medium Candy Apple Red	mediumcandyapplered	#E2062C	Wikipedia
Medium Carmine	mediumcarmine	#AF4035	Wikipedia
Medium Champagne	mediumchampagne	#F3E5AB	Wikipedia
Medium Chrome Green	mediumchromegreen	#6CA67C	Crayola
Medium Electric Blue	mediumelectricblue	#035096	Wikipedia
Medium Green	mediumgreen	#037949	Wikipedia
Medium Jungle Green	mediumjunglegreen	#1C352D	Wikipedia
Medium Lavender Magenta	mediumlavendermagenta	#DDA0DD	Wikipedia
Medium Orange	mediumorange	#FF7802	Wikipedia
Medium Orchid	mediumorchid	#BA55D3	CSS
Medium Persian Blue	mediumpersianblue	#0067A5	Wikipedia
Medium Pink	mediumpink	#FE6E9F	Wikipedia
Medium Purple	mediumpurple	#9370DB	CSS
Medium Red	mediumred	#B10304	Wikipedia
Medium Red-violet	mediumredviolet	#BB3385	Wikipedia
Medium Rose	mediumrose	#D96CBE	Crayola
Medium Ruby	mediumruby	#AA4069	Wikipedia
Medium Sea Green	mediumseagreen	#3CB371	CSS
Medium Sky Blue	mediumskyblue	#80DAEB	Wikipedia
Medium Slate Blue	mediumslateblue	#7B68EE	CSS
Medium Spring Bud	mediumspringbud	#C9DC87	Wikipedia
Medium Spring Green	mediumspringgreen	#00FA9A	CSS
Medium Taupe	mediumtaupe	#674C47	Wikipedia
Medium Turquoise	mediumturquoise	#48D1CC	CSS
Medium Tuscan Red	mediumtuscanred	#79443B	Wikipedia
Medium Vermilion	mediumvermilion	#D9603B	Wikipedia
Medium Violet	mediumviolet	#8F47B3	Crayola
Medium Violet Red	mediumvioletred	#C71585	CSS
Medium Violet-red	mediumvioletred	#C71585	CSS
Medium Yellow	mediumyellow	#FFE302	Wikipedia
Mediumorchid	mediumorchid	#BA55D3	CSS
Mediumpurple	mediumpurple	#9370DB	CSS
Mediumsea Green	mediumseagreen	#3CB371	CSS
Mediumslate Blue	mediumslateblue	#7B68EE	CSS
Mediumspring Green	mediumspringgreen	#00FA9A	CSS
Mediumturquoise	mediumturquoise	#48D1CC	CSS
Mellow Apricot	mellowapricot	#F8B878	Wikipedia
Mellow Yellow	mellowyellow	#F8DE7E	Wikipedia
Melon	melon	#FEBAAD	Crayola
Melon Yellow	melonyellow	#FF9B00	RAL
Menthol	menthol	#C1F9A2	Wikipedia
Metallic Blue	metallicblue	#32527B	Wikipedia
Metallic Bronze	metallicbronze	#A97142	Wikipedia
Metallic Brown	metallicbrown	#AC4313	Wikipedia
Metallic Gold	metallicgold	#D3AF37	Wikipedia
Metallic Green	metallicgreen	#296E01	Wikipedia
Metallic Orange	metallicorange	#DA680F	Wikipedia
Metallic Pink	metallicpink	#EDA6C4	Wikipedia
Metallic Red	metallicred	#A62C2B	Wikipedia
Metallic Seaweed	metallicseaweed	#0A7E8C	Wikipedia
Metallic Silver	metallicsilver	#A8A9AD	Wikipedia
Metallic Sunburst	metallicsunburst	#9C7C38	Wikipedia
Metallic Violet	metallicviolet	#5B0A91	Wikipedia
Metallic Yellow	metallicyellow	#FDCC0D	Wikipedia
Mexican Pink	mexicanpink	#E4007C	Wikipedia
Microsoft Blue	microsoftblue	#00A2ED	Wikipedia
Microsoft Edge Blue	microsoftedgeblue	#0078D7	Wikipedia
Microsoft Green	microsoftgreen	#7DB700	Wikipedia
Microsoft Red	microsoftred	#F04E1F	Wikipedia
Microsoft Yellow	microsoftyellow	#FDB900	Wikipedia
Middle Blue	middleblue	#7ED4E6	Crayola
Middle Blue Green	middlebluegreen	#8DD9CC	Crayola
Middle Blue Purple	middlebluepurple	#8B72BE	Crayola
Middle Green	middlegreen	#4D8C57	Crayola
Middle Green Yellow	middlegreenyellow	#ACBF60	Crayola
Middle Grey	middlegrey	#8B8680	Wikipedia
Middle Purple	middlepurple	#D982B5	Crayola
Middle Red	middlered	#E58E73	Crayola
Middle Red Purple	middleredpurple	#A55353	Crayola
Middle Yellow	middleyellow	#FFEB00	Crayola
Middle Yellow Red	middleyellowred	#ECB176	Crayola
Midnight	midnight	#702670	Wikipedia
Midnight Blue	midnightblue	#191970	CSS
Midnight Green	midnightgreen	#004953	Wikipedia
Mikado Yellow	mikadoyellow	#FFC40C	Wikipedia
Milk	milk	#FDFFF5	Wikipedia
Milk Chocolate	milkchocolate	#84563C	Wikipedia
Mimi Pink	mimipink	#FFDAE9	Wikipedia
Mindaro	mindaro	#E3F988	Wikipedia
Ming	ming	#36747D	Wikipedia
Minion Yellow	minionyellow	#F5E050	Wikipedia
Mint	mint	#3EB489	Wikipedia
Mint Cream	mintcream	#F5FFFA	CSS
Mint Green	mintgreen	#98FF98	RAL
Mint Turquoise	mintturquoise	#478A84	RAL
Misty Moss	mistymoss	#BBB477	Wikipedia
Misty Rose	mistyrose	#FFE4E1	CSS
Mistyrose	mistyrose	#FFE4E1	CSS
Moccasin	moccasin	#FFE4B5	CSS
Mocha	mocha	#BEA493	Wikipedia
Mode Beige	modebeige	#967117	Wikipedia
Mona Lisa	monalisa	#FF948E	Wikipedia
Moonstone	moonstone	#3AA8C1	Wikipedia
Moonstone Blue	moonstoneblue	#73A9C2	Wikipedia
Mordant Red 19	mordantred	#AE0C00	Wikipedia
Morning Blue	morningblue	#8DA399	Wikipedia
Moss Green	mossgreen	#8A9A5B	RAL
Moss Grey	mossgrey	#7A7B6D	RAL
Mountain Meadow	mountainmeadow	#30BA8F	Crayola
Mountbatten Pink	mountbattenpink	#997A8D	Wikipedia
Mouse Grey	mousegrey	#6B716F	RAL
Mud	mud	#70543E	Wikipedia
Mughal Green	mughalgreen	#306030	Wikipedia
Mulberry	mulberry	#C54B8C	Crayola
Mummy's Tomb	mummystomb	#828E84	Wikipedia
Mustard	mustard	#FFDB58	Wikipedia
Mustard Brown	mustardbrown	#CD7A00	Wikipedia
Mustard Green	mustardgreen	#6E6E30	Wikipedia
Mustard Yellow	mustardyellow	#E1AD01	Wikipedia
Myrtle Green	myrtlegreen	#317873	Wikipedia
Mystic	mystic	#D65282	Wikipedia
Mystic Maroon	mysticmaroon	#AD4379	Wikipedia
Mystic Red	mysticred	#FF5500	Wikipedia
Nadeshiko Pink	nadeshikopink	#F6ADC6	Wikipedia
Napier Green	napiergreen	#2A8000	Wikipedia
Naples Yellow	naplesyellow	#FADA5E	Wikipedia
Navajo White	navajowhite	#FFDEAD	CSS
Navy	navy	#000080	CSS
Navy Blue	navyblue	#000080	Crayola
Navy Purple	navypurple	#9457EB	Wikipedia
Neon Blue	neonblue	#4666FF	Wikipedia
Neon Brown	neonbrown	#C3732A	Wikipedia
Neon Carrot	neoncarrot	#AAF0D1	Wikipedia
Neon Cyan	neoncyan	#00FEFC	Wikipedia
Neon Dark Green	neondarkgreen	#008443	Wikipedia
Neon Fuchsia	neonfuchsia	#FE4164	Wikipedia
Neon Gold	neongold	#CFAA01	Wikipedia
Neon Gray	neongray	#808080	Wikipedia
Neon Green	neongreen	#39FF14	Wikipedia
Neon Pink	neonpink	#FE347E	Wikipedia
Neon Purple	neonpurple	#9457EB	Wikipedia
Neon Red	neonred	#FF1818	Wikipedia
Neon Scarlet	neonscarlet	#FF2603	Wikipedia
Neon Silver	neonsilver	#CCCCCC	Wikipedia
Neon Tangerine	neontangerine	#F6890A	Wikipedia
Neon Yellow	neonyellow	#FFF700	Wikipedia
New Car	newcar	#214FC6	Wikipedia
New York Pink	newyorkpink	#D7837F	Wikipedia
Nickel	nickel	#727472	Wikipedia
Night Blue	nightblue	#2F2A5A	RAL
Nintendo Red	nintendored	#E4000F	Wikipedia
Non-photo Blue	nonphotoblue	#A4DDED	Wikipedia
Nut Brown	nutbrown	#5A3A29	RAL
Nyanza	nyanza	#E9FFDB	Wikipedia
OU Crimson Red	oucrimsonred	#841617	Wikipedia
Oatmeal	oatmeal	#D9DAD2	Crayola
Ocean Blue	oceanblue	#0B4151	RAL
Ocean Boat Blue	oceanboatblue	#0077BE	Wikipedia
Ochre	ochre	#CC7722	Wikipedia
Ochre Brown	ochrebrown	#9C6B30	RAL
Ochre Yellow	ochreyellow	#BA8F4C	RAL
Office Green	officegreen	#008000	Wikipedia
Old Burgundy	oldburgundy	#43302E	Wikipedia
Old Gold	oldgold	#CFB53B	Wikipedia
Old Heliotrope	oldheliotrope	#563C5C	Wikipedia
Old Lace	oldlace	#FDF5E6	CSS
Old Lavender	oldlavender	#796878	Wikipedia
Old Mauve	oldmauve	#673147	Wikipedia
Old Moss Green	oldmossgreen	#867E36	Wikipedia
Old Rose	oldrose	#C08081	Wikipedia
Old Silver	oldsilver	#848482	Wikipedia
Oldlace	oldlace	#FDF5E6	CSS
Olive	olive	#808000	CSS
Olive Brown	olivebrown	#6F4F28	RAL
Olive Drab	olivedrab	#6B8E23	CSS
Olive Green	olivegreen	#B5B35C	RAL
Olive Grey	olivegrey	#817F68	RAL
Olive Yellow	oliveyellow	#A08F65	RAL
Olive-drab/brown Olive	brownolive	#3E3C32	RAL
Olivedrab	olivedrab	#6B8E23	CSS
Olivine	olivine	#9AB973	Wikipedia
Onyx	onyx	#353839	Wikipedia
Opal	opal	#A8C3BC	Wikipedia
Opal Green	opalgreen	#005D52	RAL
Opera Mauve	operamauve	#B784A7	Wikipedia
Orange	orange	#FFA500	CSS
Orange Brown	orangebrown	#A65E2F	RAL
Orange Iced Tea	orangeicedtea	#FF6700	Wikipedia
Orange Peel	orangepeel	#FF9F00	Wikipedia
Orange Red	orangered	#FF4500	CSS
Orange Soda	orangesoda	#FA5B3D	Wikipedia
Orange-yellow	orangeyellow	#F5BD1F	Crayola
Orchid	orchid	#DA70D6	CSS
Orchid Pink	orchidpink	#F2BDCD	Wikipedia
Orient Red	orientred	#AC323B	RAL
Orioles Orange	oriolesorange	#FB4F14	Wikipedia
Otter Brown	otterbrown	#654321	Wikipedia
Outer Space	outerspace	#2D383A	Crayola
Outrageous Orange	outrageousorange	#FF6E4A	Wikipedia
Oxblood	oxblood	#4A0000	Wikipedia
Oxford Blue	oxfordblue	#002147	Wikipedia
Oxide Red	oxidered	#703731	RAL
Oxley	oxley	#6D9A79	Wikipedia
Oyster White	oysterwhite	#E3D9C6	RAL
Pacific Blue	pacificblue	#1CA9C9	Crayola
Pakistan Green	pakistangreen	#006600	Wikipedia
Palatinate Blue	palatinateblue	#273BE2	Wikipedia
Palatinate Purple	palatinatepurple	#682860	Wikipedia
Pale Aqua	paleaqua	#BED3E5	Wikipedia
Pale Blue	paleblue	#AFEEEE	Wikipedia
Pale Brown	palebrown	#755C49	RAL
Pale Carmine	palecarmine	#AF4035	Wikipedia
Pale Cerulean	palecerulean	#9BC4E2	Wikipedia
Pale Chestnut	palechestnut	#DDADAF	Wikipedia
Pale Copper	palecopper	#DA8A67	Wikipedia
Pale Cornflower Blue	palecornflowerblue	#ABCDEF	Wikipedia
Pale Cyan	palecyan	#87D3F8	Wikipedia
Pale Dogwood	paledogwood	#ED7A9B	Wikipedia
Pale Gold	palegold	#E6BE8A	Wikipedia
Pale Goldenrod	palegoldenrod	#EEE8AA	CSS
Pale Green	palegreen	#98FB98	CSS
Pale Lavender	palelavender	#DCD0FF	Wikipedia
Pale Magenta	palemagenta	#F984E5	Wikipedia
Pale Pink	palepink	#FADADD	Wikipedia
Pale Plum	paleplum	#DDA0DD	Wikipedia
Pale Purple	palepurple	#FAE6FA	Wikipedia
Pale Robin Egg Blue	palerobineggblue	#96DED1	Wikipedia
Pale Silver	palesilver	#C9C0BB	Wikipedia
Pale Spring Bud	palespringbud	#ECEBBD	Wikipedia
Pale Taupe	paletaupe	#BC987E	Wikipedia
Pale Turquoise	paleturquoise	#AFEEEE	CSS
Pale Violet	paleviolet	#CC99FF	Wikipedia
Pale Violet Red	palevioletred	#DB7093	CSS
Palegoldenrod	palegoldenrod	#EEE8AA	CSS
Paleturquoise	paleturquoise	#AFEEEE	CSS
Pansy Purple	pansypurple	#78184A	Wikipedia
Paolo Veronese Green	paoloveronesegreen	#009B7D	Wikipedia
Papaya Whip	papayawhip	#FFEFD5	CSS
Papyrus White	papyruswhite	#CFD3CD	RAL
Paradise Pink	paradisepink	#E63E62	Wikipedia
Parchment	parchment	#F1E9D2	Wikipedia
Paris Green	parisgreen	#50C878	Wikipedia
Pastel Blue	pastelblue	#6A93B0	RAL
Pastel Brown	pastelbrown	#836953	Wikipedia
Pastel Gray	pastelgray	#CFCFC4	Wikipedia
Pastel Green	pastelgreen	#B7D9B1	RAL
Pastel Magenta	pastelmagenta	#F49AC2	Wikipedia
Pastel Orange	pastelorange	#FA842B	RAL
Pastel Pink	pastelpink	#DEA5A4	Wikipedia
Pastel Purple	pastelpurple	#B39EB5	Wikipedia
Pastel Red	pastelred	#FF6961	Wikipedia
Pastel Turquoise	pastelturquoise	#7FB0B2	RAL
Pastel Violet	pastelviolet	#A38995	RAL
Pastel Yellow	pastelyellow	#EB9C52	RAL
Patina Green	patinagreen	#327662	RAL
Patriarch	patriarch	#800080	Wikipedia
Paua	paua	#1F005E	Wikipedia
Payne's Grey	paynesgrey	#536878	Wikipedia
Peach	peach	#FFE5B4	Crayola
Peach Puff	peachpuff	#FFDAB9	CSS
Peachpuff	peachpuff	#FFDAB9	CSS
Pear	pear	#D1E231	Wikipedia
Pearl	pearl	#EAE0C8	Wikipedia
Pearl Aqua	pearlaqua	#88D8C0	Wikipedia
Pearl Beige	pearlbeige	#908370	RAL
Pearl Blackberry	pearlblackberry	#6B6880	RAL
Pearl Copper	pearlcopper	#773C27	RAL
Pearl Dark Grey	pearldarkgrey	#7E8182	RAL
Pearl Gentian Blue	pearlgentianblue	#296478	RAL
Pearl Gold	pearlgold	#80643F	RAL
Pearl Green	pearlgreen	#1B542C	RAL
Pearl Light Grey	pearllightgrey	#9C9C9C	RAL
Pearl Mouse Grey	pearlmousegrey	#888175	RAL
Pearl Night Blue	pearlnightblue	#102C54	RAL
Pearl Opal Green	pearlopalgreen	#005D4C	RAL
Pearl Orange	pearlorange	#954527	RAL
Pearl Pink	pearlpink	#B24C43	RAL
Pearl Ruby Red	pearlrubyred	#711521	RAL
Pearl Violet	pearlviolet	#8773A1	RAL
Pearly Purple	pearlypurple	#B768A2	Wikipedia
Pebble Grey	pebblegrey	#B9B9A8	RAL
Peridot	peridot	#E6E200	Wikipedia
Periwinkle	periwinkle	#CCCCFF	Crayola
Permanent Geranium Lake	permanentgeraniumlake	#E12C2C	Crayola
Persian Blue	persianblue	#1C39BB	Wikipedia
Persian Green	persiangreen	#00A693	Wikipedia
Persian Indigo	persianindigo	#32127A	Wikipedia
Persian Orange	persianorange	#D99058	Wikipedia
Persian Pink	persianpink	#F77FBE	Wikipedia
Persian Plum	persianplum	#701C1C	Wikipedia
Persian Red	persianred	#CC3333	Wikipedia
Persian Rose	persianrose	#FE28A2	Wikipedia
Persimmon	persimmon	#EC5800	Wikipedia
Peru	peru	#CD853F	CSS
Petal	petal	#F5E2E2	Wikipedia
Pewter Blue	pewterblue	#8BA8B7	Wikipedia
Philippine Blue	philippineblue	#0038A7	Wikipedia
Philippine Bronze	philippinebronze	#6E3A07	Wikipedia
Philippine Brown	philippinebrown	#5D1916	Wikipedia
Philippine Gold	philippinegold	#B17304	Wikipedia
Philippine Golden Yellow	philippinegoldenyellow	#FFDF00	Wikipedia
Philippine Gray	philippinegray	#8C8C8C	Wikipedia
Philippine Green	philippinegreen	#008543	Wikipedia
Philippine Indigo	philippineindigo	#00416A	Wikipedia
Philippine Orange	philippineorange	#FF7300	Wikipedia
Philippine Pink	philippinepink	#FA1A8E	Wikipedia
Philippine Red	philippinered	#CE1127	Wikipedia
Philippine Silver	philippinesilver	#B3B3B3	Wikipedia
Philippine Sky Blue	philippineskyblue	#0066FF	Wikipedia
Philippine Violet	philippineviolet	#81007F	Wikipedia
Philippine Yellow	philippineyellow	#FECB00	Wikipedia
Phlox	phlox	#DF00FF	Wikipedia
Phthalo Blue	phthaloblue	#000F89	Wikipedia
Phthalo Green	phthalogreen	#123524	Wikipedia
Picotee Blue	picoteeblue	#2E2787	Wikipedia
Picton Blue	pictonblue	#45B1E8	Wikipedia
Pictorial Carmine	pictorialcarmine	#C30B4E	Wikipedia
Pigeon Blue	pigeonblue	#6C7C98	RAL
Piggy Pink	piggypink	#FDDDE6	Crayola
Pine Green	pinegreen	#01796F	RAL
Pineapple	pineapple	#563C0D	Wikipedia
Pink	pink	#FFC0CB	CSS
Pink Flamingo	pinkflamingo	#FC74FD	Crayola
Pink Lace	pinklace	#FFDDF4	Wikipedia
Pink Lavender	pinklavender	#D8B2D1	Wikipedia
Pink Pearl	pinkpearl	#E7ACCF	Wikipedia
Pink Sherbert	pinksherbert	#F7A38E	Crayola
Pink Sherbet	pinksherbet	#F78FA7	Wikipedia
Pistachio	pistachio	#93C572	Wikipedia
Platinum	platinum	#E5E4E2	Wikipedia
Platinum Grey	platinumgrey	#9A9697	RAL
Plum	plum	#DDA0DD	CSS
Plump Purple	plumppurple	#5946B2	Wikipedia
Poison Purple	poisonpurple	#7F01FE	Wikipedia
Police Blue	policeblue	#374F6B	Wikipedia
Polished Pine	polishedpine	#5DA493	Wikipedia
Pomp And Power	pompandpower	#86608E	Wikipedia
Popstar	popstar	#BE4F62	Wikipedia
Portland Orange	portlandorange	#FF5A36	Wikipedia
Powder Blue	powderblue	#B0E0E6	CSS
Prairie Gold	prairiegold	#E1CA7A	Wikipedia
Princeton Orange	princetonorange	#F58025	Wikipedia
Prune	prune	#701C1C	Wikipedia
Prussian Blue	prussianblue	#003153	Wikipedia
Psychedelic Purple	psychedelicpurple	#DF00FF	Wikipedia
Puce	puce	#CC8899	Wikipedia
Puce Red	pucered	#722F37	Wikipedia
Pullman Brown	pullmanbrown	#644117	Wikipedia
Pumpkin	pumpkin	#FF7518	Wikipedia
Pure Green	puregreen	#25E712	RAL
Pure Orange	pureorange	#E75B12	RAL
Pure Red	purered	#E72512	RAL
Pure White	purewhite	#F7F9EF	RAL
Purple	purple	#800080	CSS
Purple Heart	purpleheart	#652DC1	Crayola
Purple Mountain Majesty	purplemountainmajesty	#9678B6	Wikipedia
Purple Mountains' Majesty	purplemountainsmajesty	#D6AEDD	Crayola
Purple Navy	purplenavy	#4E5180	Wikipedia
Purple Pizzazz	purplepizzazz	#FE4EDA	Wikipedia
Purple Plum	purpleplum	#9C51B6	Wikipedia
Purple Red	purplered	#701F29	RAL
Purple Taupe	purpletaupe	#50404D	Wikipedia
Purple Violet	purpleviolet	#4A203B	RAL
Purpureus	purpureus	#9A4EAE	Wikipedia
Quartz	quartz	#51484F	Wikipedia
Quartz Grey	quartzgrey	#6B695F	RAL
Queen Blue	queenblue	#436B95	Wikipedia
Queen Pink	queenpink	#E8CCD7	Wikipedia
Quick Silver	quicksilver	#A6A6A6	Wikipedia
Quinacridone Magenta	quinacridonemagenta	#8E3A59	Wikipedia
Quincy	quincy	#6A5445	Wikipedia
RAL Orange	ralorange	#FA4402	RAL
Rackley	rackley	#5D8AA8	Wikipedia
Radical Red	radicalred	#FF355E	Wikipedia
Raisin Black	raisinblack	#242124	Wikipedia
Rajah	rajah	#FBAB60	Wikipedia
Raspberry	raspberry	#E30B5D	Wikipedia
Raspberry Glacé	raspberryglace	#915F6D	Wikipedia
Raspberry Red	raspberryred	#B42041	RAL
Raspberry Rose	raspberryrose	#B3446C	Wikipedia
Raw Sienna	rawsienna	#D68A59	Crayola
Raw Umber	rawumber	#826644	Crayola
Razzle Dazzle Rose	razzledazzlerose	#FF33CC	Wikipedia
Razzmatazz	razzmatazz	#E3256B	Crayola
Razzmic Berry	razzmicberry	#8D4E85	Wikipedia
Rebecca Purple	rebeccapurple	#663399	CSS
Red	red	#FF0000	CSS
Red Brown	redbrown	#673831	RAL
Red Cola	redcola	#DF0118	Wikipedia
Red Lilac	redlilac	#8A5A83	RAL
Red Rum	redrum	#973A4A	Wikipedia
Red Salsa	redsalsa	#FD3A4A	Wikipedia
Red Strawberry	redstrawberry	#EC0304	Wikipedia
Red-orange	redorange	#FF5349	RAL
Red-purple	redpurple	#E40078	Wikipedia
Red-violet	redviolet	#C71585	RAL
Redwood	redwood	#A45A52	Wikipedia
Reed Green	reedgreen	#797C5A	RAL
Registration Black	registrationblack	#000000	Wikipedia
Reseda Green	resedagreen	#68825B	RAL
Resolution Blue	resolutionblue	#002387	Wikipedia
Rhythm	rhythm	#777696	Wikipedia
Rich Black	richblack	#004040	Wikipedia
Rich Brilliant Lavender	richbrilliantlavender	#F1A7FE	Wikipedia
Rich Carmine	richcarmine	#D70040	Wikipedia
Rich Electric Blue	richelectricblue	#0892D0	Wikipedia
Rich Lavender	richlavender	#A76BCF	Wikipedia
Rich Lilac	richlilac	#B666D2	Wikipedia
Rich Maroon	richmaroon	#B03060	Wikipedia
Rifle Green	riflegreen	#444C38	Wikipedia
Ripe Mango	ripemango	#FFC324	Wikipedia
Roast Coffee	roastcoffee	#704241	Wikipedia
Robin Egg Blue	robineggblue	#00CCCC	Wikipedia
Robin's Egg Blue	robinseggblue	#00CCCC	Crayola
Rocket Metallic	rocketmetallic	#8A7F80	Wikipedia
Rojo Spanish Red	rojospanishred	#A91101	Wikipedia
Roman Silver	romansilver	#838996	Wikipedia
Root Beer	rootbeer	#290E05	Wikipedia
Rose	rose	#FF007F	RAL
Rose Bonbon	rosebonbon	#F9429E	Wikipedia
Rose Dust	rosedust	#9E5E6F	Wikipedia
Rose Ebony	roseebony	#674846	Wikipedia
Rose Madder	rosemadder	#E32636	Wikipedia
Rose Pink	rosepink	#FF66CC	Wikipedia
Rose Pompadour	rosepompadour	#ED7A9B	Wikipedia
Rose Red	rosered	#C21E56	Wikipedia
Rose Taupe	rosetaupe	#905D5D	Wikipedia
Rose Vale	rosevale	#AB4E52	Wikipedia
Rosewood	rosewood	#65000B	Wikipedia
Rosso Corsa	rossocorsa	#D40000	Wikipedia
Rosy Brown	rosybrown	#BC8F8F	CSS
Royal Azure	royalazure	#0038A8	Wikipedia
Royal Blue	royalblue	#4169E1	CSS
Royal Brown	royalbrown	#523B35	Wikipedia
Royal Fuchsia	royalfuchsia	#CA2C92	Wikipedia
Royal Green	royalgreen	#136207	Wikipedia
Royal Orange	royalorange	#F99245	Wikipedia
Royal Pink	royalpink	#E73895	Wikipedia
Royal Purple	royalpurple	#7851A9	Crayola
Royal Red	royalred	#9B1C31	Wikipedia
Royal Yellow	royalyellow	#FADA5E	Wikipedia
Ruber	ruber	#CE4676	Wikipedia
Rubine Red	rubinered	#D10056	Wikipedia
Ruby	ruby	#E0115F	Wikipedia
Ruby Red	rubyred	#9B111E	RAL
Rufous	rufous	#A81C07	Wikipedia
Rum	rum	#9A4E40	Wikipedia
Russet	russet	#80461B	Wikipedia
Russian Green	russiangreen	#679267	Wikipedia
Russian Violet	russianviolet	#32174D	Wikipedia
Rust	rust	#B7410E	Wikipedia
Rusty Red	rustyred	#DA2C43	Wikipedia
Sacramento State Green	sacramentostategreen	#043927	Wikipedia
Saddle Brown	saddlebrown	#8B4513	CSS
Safety Orange	safetyorange	#FF7800	Wikipedia
Safety Yellow	safetyyellow	#EED202	Wikipedia
Saffron	saffron	#F4C430	Wikipedia
Saffron Yellow	saffronyellow	#F6A950	RAL
Sage	sage	#BCB88A	Wikipedia
Salem	salem	#177B4D	Wikipedia
Salmon	salmon	#FA8072	CSS
Salmon Orange	salmonorange	#DB6A50	RAL
Salmon Pink	salmonpink	#FF91A4	RAL
Salmon Rose	salmonrose	#E7968B	Wikipedia
Samsung Blue	samsungblue	#12279E	Wikipedia
Sand	sand	#C2B280	Wikipedia
Sand Dune	sanddune	#967117	Wikipedia
Sand Yellow	sandyellow	#D2AA6D	RAL
Sandy Brown	sandybrown	#F4A460	CSS
Sandy Taupe	sandytaupe	#967117	Wikipedia
Sap Green	sapgreen	#507D2A	Wikipedia
Sapphire	sapphire	#0F52BA	Wikipedia
Sapphire Blue	sapphireblue	#0067A5	RAL
Satin Sheen Gold	satinsheengold	#CBA135	Wikipedia
Scarlet	scarlet	#FF2400	Crayola
Schauss Pink	schausspink	#FF91AF	Wikipedia
School Bus Yellow	schoolbusyellow	#FFD800	Wikipedia
Screamin' Green	screamingreen	#66FF66	Wikipedia
Sea Blue	seablue	#006994	Wikipedia
Sea Green	seagreen	#2E8B57	CSS
Seal Brown	sealbrown	#59260B	Wikipedia
Seance	seance	#612086	Wikipedia
Seashell	seashell	#FFF5EE	CSS
Secret	secret	#764374	Wikipedia
Selective Yellow	selectiveyellow	#FFBA00	Wikipedia
Sepia	sepia	#704214	Crayola
Sepia Brown	sepiabrown	#49392D	RAL
Shadow	shadow	#8A795D	Crayola
Shadow Blue	shadowblue	#778BA5	Wikipedia
Shampoo	shampoo	#FFCFF1	Wikipedia
Shamrock	shamrock	#33CC99	Crayola
Shamrock Green	shamrockgreen	#009E60	Wikipedia
Shandy	shandy	#FFE670	Wikipedia
Sheen Green	sheengreen	#8FD400	Wikipedia
Shimmering Blush	shimmeringblush	#D98695	Wikipedia
Shiny Shamrock	shinyshamrock	#5FA778	Wikipedia
Shocking Pink	shockingpink	#FC0FC0	Wikipedia
Sienna	sienna	#A0522D	CSS
Signal Black	signalblack	#2E3032	RAL
Signal Blue	signalblue	#154889	RAL
Signal Brown	signalbrown	#7B5141	RAL
Signal Green	signalgreen	#0F8558	RAL
Signal Grey	signalgrey	#9EA0A1	RAL
Signal Orange	signalorange	#D4652F	RAL
Signal Red	signalred	#A02128	RAL
Signal Violet	signalviolet	#904684	RAL
Signal White	signalwhite	#F4F8F4	RAL
Signal Yellow	signalyellow	#F9A800	RAL
Silk Grey	silkgrey	#BDBDB2	RAL
Silver	silver	#C0C0C0	CSS
Silver Chalice	silverchalice	#ACACAC	Wikipedia
Silver Foil	silverfoil	#AFB1AE	Wikipedia
Silver Grey	silvergrey	#8F999F	RAL
Silver Lake Blue	silverlakeblue	#5D89BA	Wikipedia
Silver Pink	silverpink	#C4AEAD	Wikipedia
Silver Sand	silversand	#BFC1C2	Wikipedia
Sinopia	sinopia	#CB410B	Wikipedia
Sizzling Red	sizzlingred	#FF3855	Wikipedia
Sizzling Sunrise	sizzlingsunrise	#FFDB00	Wikipedia
Skobeloff	skobeloff	#007474	Wikipedia
Sky Blue	skyblue	#87CEEB	CSS
Sky Magenta	skymagenta	#CF71AF	Wikipedia
Slate Blue	slateblue	#6A5ACD	CSS
Slate Gray	slategray	#708090	CSS
Slate Grey	slategrey	#708090	CSS
Slategrey	slategrey	#708090	CSS
Slimy Green	slimygreen	#299617	Wikipedia
Smitten	smitten	#C84186	Wikipedia
Smoke	smoke	#738276	Wikipedia
Smokey Topaz	smokeytopaz	#832A0D	Wikipedia
Smoky Black	smokyblack	#100C08	Wikipedia
Snow	snow	#FFFAFA	CSS
Soap	soap	#CEC8EF	Wikipedia
Solid Pink	solidpink	#893843	Wikipedia
Sonic Silver	sonicsilver	#757575	Wikipedia
Space Cadet	spacecadet	#1D2951	Wikipedia
Spanish Bistre	spanishbistre	#807532	Wikipedia
Spanish Blue	spanishblue	#0070B8	Wikipedia
Spanish Carmine	spanishcarmine	#D10047	Wikipedia
Spanish Crimson	spanishcrimson	#E51A4C	Wikipedia
Spanish Gray	spanishgray	#989898	Wikipedia
Spanish Green	spanishgreen	#009150	Wikipedia
Spanish Orange	spanishorange	#E86100	Wikipedia
Spanish Pink	spanishpink	#F7BFBE	Wikipedia
Spanish Purple	spanishpurple	#66033C	Wikipedia
Spanish Red	spanishred	#E60026	Wikipedia
Spanish Sky Blue	spanishskyblue	#00FFFE	Wikipedia
Spanish Violet	spanishviolet	#4C2882	Wikipedia
Spanish Viridian	spanishviridian	#007F5C	Wikipedia
Spanish Yellow	spanishyellow	#F6B511	Wikipedia
Spartan Crimson	spartancrimson	#9E1316	Wikipedia
Spicy Mix	spicymix	#8B5f4D	Wikipedia
Spring Bud	springbud	#A7FC00	Wikipedia
Spring Frost	springfrost	#87FF2A	Wikipedia
Spring Green	springgreen	#00FF7F	CSS
Squirrel Grey	squirrelgrey	#7E8B92	RAL
St. Patrick's Blue	stpatricksblue	#23297A	Wikipedia
Star Command Blue	starcommandblue	#007BB8	Wikipedia
Steel Blue	steelblue	#4682B4	CSS
Steel Pink	steelpink	#CC33CC	Wikipedia
Steel Teal	steelteal	#5F8A8F	Wikipedia
Stil De Grain Yellow	stildegrainyellow	#FADA5E	Wikipedia
Stone Grey	stonegrey	#939388	RAL
Stop Red	stopred	#CF142B	Wikipedia
Straw	straw	#E4D96F	Wikipedia
Strawberry	strawberry	#FA5053	Wikipedia
Strawberry Blonde	strawberryblonde	#FF9361	Wikipedia
Strawberry Iced Tea	strawberryicedtea	#FC5A8D	Wikipedia
Strawberry Red	strawberryred	#D14152	RAL
Strong Lime Green	stronglimegreen	#33CC33	Wikipedia
Sugar Plum	sugarplum	#914E75	Wikipedia
Sulfur Yellow	sulfuryellow	#F1DD38	RAL
Sun Yellow	sunyellow	#F09200	RAL
Sunglow	sunglow	#FFCC33	Wikipedia
Sunray	sunray	#E3AB57	Wikipedia
Sunset	sunset	#FAD6A5	Wikipedia
Sunset Orange	sunsetorange	#FE4C40	Crayola
Super Pink	superpink	#CF6BA9	Wikipedia
Sweet Brown	sweetbrown	#A83731	Wikipedia
Syracuse Orange	syracuseorange	#D44500	Wikipedia
Tan	tan	#D2B48C	CSS
Tangelo	tangelo	#F94D00	Wikipedia
Tangerine	tangerine	#F28500	Wikipedia
Tangerine Yellow	tangerineyellow	#FFCC00	Wikipedia
Tango Pink	tangopink	#E4717A	Wikipedia
Tarpaulin Grey	tarpaulingrey	#575D57	RAL
Tart Orange	tartorange	#FB4D46	Wikipedia
Taupe	taupe	#483C32	Wikipedia
Taupe Gray	taupegray	#8B8589	Wikipedia
Tawny	tawny	#CD5700	Wikipedia
Tea Green	teagreen	#D0F0C0	Wikipedia
Tea Rose	tearose	#F4C2C2	Wikipedia
Teal	teal	#008080	CSS
Teal Blue	tealblue	#367588	Crayola
Teal Deer	tealdeer	#99E6B3	Wikipedia
Teal Green	tealgreen	#00827F	Wikipedia
Technobotanica	technobotanica	#00FFBF	Wikipedia
Telegrey 1	telegreyone	#91969A	RAL
Telegrey 2	telegreytwo	#82898E	RAL
Telegrey 4	telegreyfour	#CFD0CF	RAL
Telemagenta	telemagenta	#CF3476	RAL
Temptress	temptress	#3C2126	Wikipedia
Tenné	tenne	#CD5700	Wikipedia
Terra Brown	terrabrown	#4E3B2B	RAL
Terra Cotta	terracotta	#E2725B	Wikipedia
Thistle	thistle	#D8BFD8	CSS
Thulian Pink	thulianpink	#DE6FA1	Wikipedia
Tickle Me Pink	ticklemepink	#FC89AC	Crayola
Tiffany Blue	tiffanyblue	#0ABAB5	Wikipedia
Tiger's Eye	tigerseye	#E08D3C	Wikipedia
Timberwolf	timberwolf	#DBD7D2	Crayola
Titanium	titanium	#878681	Wikipedia
Titanium Yellow	titaniumyellow	#EEE600	Wikipedia
Tomato	tomato	#FF6347	CSS
Tomato Red	tomatored	#9C322E	RAL
Tomato Sauce	tomatosauce	#B21807	Wikipedia
Tooth	tooth	#FFFAFA	Wikipedia
Topaz	topaz	#FFC87C	Wikipedia
Tourmaline	tourmaline	#86A1A9	Wikipedia
Tractor Red	tractorred	#FD0E35	Wikipedia
Traffic Black	trafficblack	#2A2D2F	RAL
Traffic Blue	trafficblue	#0E518D	RAL
Traffic Green	trafficgreen	#008754	RAL
Traffic Grey A	trafficgreya	#8F9695	RAL
Traffic Grey B	trafficgreyb	#4E5451	RAL
Traffic Orange	trafficorange	#E15501	RAL
Traffic Purple	trafficpurple	#992572	RAL
Traffic Red	trafficred	#C1121C	RAL
Traffic White	trafficwhite	#F7FBF5	RAL
Traffic Yellow	trafficyellow	#F7B500	RAL
Trolley Grey	trolleygrey	#808080	Wikipedia
Tropical Rainforest	tropicalrainforest	#00755E	Crayola
True Blue	trueblue	#2D68C4	Wikipedia
Trypan Blue	trypanblue	#1C05B3	Wikipedia
Tufts Blue	tuftsblue	#3E8EDE	Wikipedia
Tulip	tulip	#FF878D	Wikipedia
Tumbleweed	tumbleweed	#DEAA88	Crayola
Turkish Rose	turkishrose	#B57281	Wikipedia
Turquoise	turquoise	#40E0D0	CSS
Turquoise Blue	turquoiseblue	#00FFEF	RAL
Turquoise Green	turquoisegreen	#A0D6B4	RAL
Turtle Green	turtlegreen	#8A9A5B	Wikipedia
Tuscan	tuscan	#FAD6A5	Wikipedia
Tuscan Brown	tuscanbrown	#6F4E37	Wikipedia
Tuscan Red	tuscanred	#7C4848	Wikipedia
Tuscan Tan	tuscantan	#A67B5B	Wikipedia
Tuscany	tuscany	#C09999	Wikipedia
Twilight Lavender	twilightlavender	#8A496B	Wikipedia
Twitter Blue	twitterblue	#26A7DE	Wikipedia
Tyrian Purple	tyrianpurple	#66023C	Wikipedia
UA Blue	uablue	#0033AA	Wikipedia
UA Red	uared	#D9004C	Wikipedia
UP Forest Green	upforestgreen	#014421	Wikipedia
UP Maroon	upmaroon	#7B1113	Wikipedia
UPS Brown	upsbrown	#644117	Wikipedia
USAFA Blue	usafablue	#004F98	Wikipedia
Ultra Pink	ultrapink	#FF6FFF	Wikipedia
Ultra Red	ultrared	#FC6C85	Wikipedia
Ultramarine	ultramarine	#3F00FF	Wikipedia
Ultramarine Blue	ultramarineblue	#4166F5	RAL
Umber	umber	#635147	Wikipedia
Umbra Grey	umbragrey	#4B4D46	RAL
Unbleached Silk	unbleachedsilk	#FFDDCA	Wikipedia
United Nations Blue	unitednationsblue	#009EDB	Wikipedia
University Of Pennsylvania Red	universityofpennsylvaniared	#A50021	Wikipedia
Unmellow Yellow	unmellowyellow	#FFFF66	Wikipedia
Upsdell Red	upsdellred	#AE2029	Wikipedia
Uranian Blue	uranianblue	#AFDBF5	Wikipedia
Urobilin	urobilin	#E1AD21	Wikipedia
Van Dyke Brown	vandykebrown	#664228	Crayola
Vanilla	vanilla	#F3E5AB	Wikipedia
Vanilla Ice	vanillaice	#F38FA9	Wikipedia
Vegas Gold	vegasgold	#C5B358	Wikipedia
Venetian Red	venetianred	#C80815	Crayola
Verdigris	verdigris	#43B3AE	Wikipedia
Vermilion	vermilion	#E34234	RAL
Veronica	veronica	#A020F0	Wikipedia
Very Light Azure	verylightazure	#74BBFB	Wikipedia
Very Light Blue	verylightblue	#6666FF	Wikipedia
Very Light Malachite Green	verylightmalachitegreen	#64E986	Wikipedia
Very Light Tangelo	verylighttangelo	#FFB077	Wikipedia
Very Pale Orange	verypaleorange	#FFDFBF	Wikipedia
Very Pale Yellow	verypaleyellow	#FFFFBF	Wikipedia
Vine Green	vinegreen	#164010	Wikipedia
Violet	violet	#EE82EE	CSS
Violet-blue	violetblue	#324AB2	RAL
Violet-red	violetred	#F75394	Crayola
Violin Brown	violinbrown	#674403	Wikipedia
Viridian	viridian	#40826D	Wikipedia
Viridian Green	viridiangreen	#009698	Wikipedia
Vista Blue	vistablue	#7C9ED9	Wikipedia
Vivid Amber	vividamber	#cc9900	Wikipedia
Vivid Auburn	vividauburn	#922724	Wikipedia
Vivid Burgundy	vividburgundy	#9F1D35	Wikipedia
Vivid Cerise	vividcerise	#DA1D81	Wikipedia
Vivid Cerulean	vividcerulean	#00AAEE	Wikipedia
Vivid Crimson	vividcrimson	#CC0033	Wikipedia
Vivid Gamboge	vividgamboge	#FF9900	Wikipedia
Vivid Lime Green	vividlimegreen	#a6d608	Wikipedia
Vivid Mulberry	vividmulberry	#B80CE3	Wikipedia
Vivid Orange	vividorange	#FF5F00	Wikipedia
Vivid Orange Peel	vividorangepeel	#FFA000	Wikipedia
Vivid Orchid	vividorchid	#CC00FF	Wikipedia
Vivid Raspberry	vividraspberry	#FF006C	Wikipedia
Vivid Red	vividred	#F70D1A	Wikipedia
Vivid Red-tangelo	vividredtangelo	#DF6124	Wikipedia
Vivid Sky Blue	vividskyblue	#00CCFF	Wikipedia
Vivid Tangelo	vividtangelo	#F07427	Wikipedia
Vivid Tangerine	vividtangerine	#FFA089	Crayola
Vivid Vermilion	vividvermilion	#e56024	Wikipedia
Vivid Violet	vividviolet	#9F00FF	Crayola
Vivid Yellow	vividyellow	#FFE302	Wikipedia
Volt	volt	#CEFF00	Wikipedia
Warm Black	warmblack	#004242	Wikipedia
Water	water	#D4F1F9	Wikipedia
Water Blue	waterblue	#07737A	RAL
Watermelon	watermelon	#F05C85	Wikipedia
Watermelon Red	watermelonred	#BF4147	Wikipedia
Watermelon Yellow	watermelonyellow	#EEFF1B	Wikipedia
Waterspout	waterspout	#A4F4F9	Wikipedia
Weezy Blue	weezyblue	#189BCC	Wikipedia
Wenge	wenge	#645452	Wikipedia
Wheat	wheat	#F5DEB3	CSS
White	white	#FFFFFF	CSS
White Aluminium	whitealuminium	#A5A8A6	RAL
White Chocolate	whitechocolate	#EDE6D6	Wikipedia
White Coffee	whitecoffee	#E6E0D4	Wikipedia
White Smoke	whitesmoke	#F5F5F5	CSS
Wild Blue Yonder	wildblueyonder	#A2ADD0	Wikipedia
Wild Orchid	wildorchid	#D470A2	Wikipedia
Wild Strawberry	wildstrawberry	#FF43A4	Crayola
Wild Watermelon	wildwatermelon	#FC6C85	Wikipedia
Willpower Orange	willpowerorange	#FD5800	Wikipedia
Window Grey	windowgrey	#9DA3A6	RAL
Windsor Tan	windsortan	#A75502	Wikipedia
Wine	wine	#722F37	Wikipedia
Wine Dregs	winedregs	#673147	Wikipedia
Wine Red	winered	#5E2028	RAL
Winter Sky	wintersky	#FF007C	Wikipedia
Wintergreen Dream	wintergreendream	#56887D	Wikipedia
Wisteria	wisteria	#C9A0DC	Crayola
Wood Brown	woodbrown	#C19A6B	Wikipedia
Xanadu	xanadu	#738678	Wikipedia
Xanthic	xanthic	#EEED09	Wikipedia
Xanthous	xanthous	#F1B42F	Wikipedia
YInMn Blue	yinmnblue	#2E5090	Wikipedia
Yale Blue	yaleblue	#00356B	Wikipedia
Yellow	yellow	#FFFF00	CSS
Yellow Green	yellowgreen	#9ACD32	CSS
Yellow Grey	yellowgrey	#939176	RAL
Yellow Olive	yellowolive	#444337	RAL
Yellow Orange	yelloworange	#FFAE42	RAL
Yellow Rose	yellowrose	#FFF000	Wikipedia
Yellow Sunshine	yellowsunshine	#FFF700	Wikipedia
Yellow-green	yellowgreen	#9ACD32	CSS
Zaffre	zaffre	#0014A8	Wikipedia
Zebra White	zebrawhite	#F5F5F5	Wikipedia
Zinc Yellow	zincyellow	#FACA30	RAL
Zinnwaldite	zinnwaldite	#2C1608	Wikipedia
Zinnwaldite Brown	zinnwalditebrown	#2C1608	Wikipedia
Zomp	zomp	#39A78E	Wikipedia
